id,title,description,availability,condition,price,link,image_link,brand,quantity_to_sell_on_facebook,product_tags[0]
"IDS-FREE-001","Free Demo Build — See Your WhatsApp Generating Revenue Before You Pay","We build a fully working WhatsApp AI system for your business and show you exactly what it does — leads captured, replies sent, appointments booked — before a single dirham changes hands. You see the revenue it generates first. Then you decide. No commitment. No risk. IDS installs everything. You do nothing.","in stock","new","1.00 AED","https://whatsappreport.com","https://cdn.jsdelivr.net/gh/ibrahimm7900/ids-catalogue-assets@bab7d90787a1c9d8bfe3f58ad50b376c48902e3f/IDS-FREE-001__free-demo-build.jpg","Ibrahim Digital Solutions","100",
"IDS-T1-001","Instant Lead Response System — Never Lose a Sale to a Slow Reply","Every minute a lead waits for a reply is a sale that walks to your competitor. Businesses that respond in under 5 minutes convert 21 times more leads than those that take 30 minutes. This system replies to every WhatsApp enquiry in under 60 seconds — 24 hours a day, 7 days a week, in Arabic, English, and Urdu. Zero manual effort from your team. Installed and fully managed by IDS.","in stock","new","1500.00 AED","https://whatsappreport.com","https://cdn.jsdelivr.net/gh/ibrahimm7900/ids-catalogue-assets@bab7d90787a1c9d8bfe3f58ad50b376c48902e3f/IDS-T1-001__instant-lead-response.jpg","Ibrahim Digital Solutions","100",
"IDS-T1-002","Appointment Booking System — Fill Your Calendar and Protect Every Slot","Every empty slot in your calendar is direct revenue lost. This system lets customers book appointments directly inside WhatsApp — no forms, no links, no waiting. It sends a confirmation instantly, a 24-hour reminder, and a same-day reminder automatically. Businesses using this system report up to 40% fewer no-shows. A full calendar means full revenue. IDS installs and manages everything.","in stock","new","1500.00 AED","https://whatsappreport.com","https://cdn.jsdelivr.net/gh/ibrahimm7900/ids-catalogue-assets@bab7d90787a1c9d8bfe3f58ad50b376c48902e3f/IDS-T1-002__appointment-booking.jpg","Ibrahim Digital Solutions","100",
"IDS-T1-003","Review Collection System — Rank Higher on Google and Win More Customers","Businesses ranked in Google's top 3 results receive 75% of all clicks. Google ranks businesses higher when they have more recent, positive reviews — and customers trust businesses with strong review counts more than any other signal. This system automatically sends a review request to every customer over WhatsApp immediately after their service, when satisfaction is highest. More reviews means Google shows your business to more people searching for what you offer — driving a higher volume of new customers every month without spending more on ads.","in stock","new","1500.00 AED","https://whatsappreport.com","https://cdn.jsdelivr.net/gh/ibrahimm7900/ids-catalogue-assets@bab7d90787a1c9d8bfe3f58ad50b376c48902e3f/IDS-T1-003__review-collection.jpg","Ibrahim Digital Solutions","100",
"IDS-T1-004","Quote Generator System — Close More Deals With Instant Professional Quotes","Every hour a quote sits unsent is an hour your competitor can close the deal instead. This system generates and sends a professional, branded quote to a customer over WhatsApp the moment they ask — no delays, no manual calculations, no back and forth. Businesses using automated quote delivery report up to 35% higher close rates because the customer gets their answer while they still want to buy. IDS installs and manages the full system.","in stock","new","1500.00 AED","https://whatsappreport.com","https://cdn.jsdelivr.net/gh/ibrahimm7900/ids-catalogue-assets@bab7d90787a1c9d8bfe3f58ad50b376c48902e3f/IDS-T1-004__quote-generator.jpg","Ibrahim Digital Solutions","100",
"IDS-T2-001","Lead Capture and Abandoned Lead Reactivation — Turn Ignored Leads Into Revenue","Two systems working together to stop revenue leaking at both ends. First: every lead that messages you is captured and qualified in real time — no enquiry falls through the gaps. Second: every lead that went quiet gets a personalised reactivation sequence at day 3, day 7, and day 14. Research shows up to 45% of gone-silent leads reactivate and buy when followed up at the right moment. This system runs the entire follow-up automatically so your team closes deals instead of chasing them.","in stock","new","3500.00 AED","https://whatsappreport.com","https://cdn.jsdelivr.net/gh/ibrahimm7900/ids-catalogue-assets@bab7d90787a1c9d8bfe3f58ad50b376c48902e3f/IDS-T2-001__lead-capture-reactivation.jpg","Ibrahim Digital Solutions","100",
"IDS-T2-002","Booking and No-Show Reduction System — Protect Every Appointment Slot","A missed appointment is money that cannot be recovered. This system books appointments directly inside WhatsApp and then sends a confirmation, a 24-hour reminder, and a same-day reminder — fully automatically. Clinics and service businesses using appointment reminder automation report up to 40% fewer no-shows. For a dental clinic charging AED 400 per slot, eliminating 10 no-shows a month is AED 4,000 in recovered revenue. Every protected slot goes straight to the bottom line.","in stock","new","3500.00 AED","https://whatsappreport.com","https://cdn.jsdelivr.net/gh/ibrahimm7900/ids-catalogue-assets@bab7d90787a1c9d8bfe3f58ad50b376c48902e3f/IDS-T2-002__booking-noshow-reduction.jpg","Ibrahim Digital Solutions","100",
"IDS-T2-003","Review Collection and Loyalty Broadcast System — Build Your Reputation and Retain Every Customer","Two compounding revenue systems in one. First: automated review requests sent over WhatsApp after every service — building your Google review count month by month, improving your ranking, and bringing more new customers to your business without extra ad spend. Second: a loyalty broadcast system that sends personalised offers to your existing customer list over WhatsApp, which has a 98% open rate versus 21% for email. Past customers who receive a timely personalised offer convert at 3 times the rate of cold leads.","in stock","new","3500.00 AED","https://whatsappreport.com","https://cdn.jsdelivr.net/gh/ibrahimm7900/ids-catalogue-assets@bab7d90787a1c9d8bfe3f58ad50b376c48902e3f/IDS-T2-003__reviews-loyalty-broadcast.jpg","Ibrahim Digital Solutions","100",
"IDS-T2-004","WhatsApp Broadcast Campaign Management — One Message That Directly Generates Revenue","WhatsApp has a 98% open rate. Email averages 21%. A single well-timed personalised WhatsApp broadcast to your existing customer list generates more direct revenue than most paid ad campaigns. Businesses running monthly WhatsApp broadcast campaigns report up to 138% increase in direct sales from a single message. IDS manages your monthly campaigns — promotional offers, new service launches, seasonal deals — sent to your full customer list with AI personalisation. One campaign per month can pay for the entire system.","in stock","new","3500.00 AED","https://whatsappreport.com","https://cdn.jsdelivr.net/gh/ibrahimm7900/ids-catalogue-assets@bab7d90787a1c9d8bfe3f58ad50b376c48902e3f/IDS-T2-004__broadcast-campaigns.jpg","Ibrahim Digital Solutions","100",
"IDS-T3-001","CRM Infrastructure Build — Every Lead Tracked and Every Sale Followed Through","A WhatsApp system without CRM is a leaking bucket — leads come in but the pipeline is invisible. This build connects your WhatsApp channel directly into your CRM so every enquiry is logged, every lead is tagged by stage, and every follow-up is triggered automatically. Your team always knows exactly where each customer is and what happens next. No leads fall through the gaps. No follow-ups are missed. For high-volume businesses this infrastructure is the difference between WhatsApp as a messaging app and WhatsApp as a revenue-generating machine.","in stock","new","7500.00 AED","https://whatsappreport.com","https://cdn.jsdelivr.net/gh/ibrahimm7900/ids-catalogue-assets@bab7d90787a1c9d8bfe3f58ad50b376c48902e3f/IDS-T3-001__crm-infrastructure.jpg","Ibrahim Digital Solutions","100",
"IDS-T3-002","Click-to-WhatsApp Ad Funnel — Ad Spend That Goes Directly Into Qualified Sales Conversations","Every AED you spend on ads should produce a sales conversation — not a form submission, not a website bounce, not a dead click. This system connects your Meta ad campaigns directly into WhatsApp so every ad click opens a live conversation where your AI qualifies the lead instantly. No drop-off. No waiting. Businesses using Click-to-WhatsApp funnels report 3 times higher conversion from paid traffic versus traditional landing pages. IDS builds the ad creative, the targeting, and the WhatsApp qualification flow end to end. Your ad spend starts generating revenue instead of traffic.","in stock","new","7500.00 AED","https://whatsappreport.com","https://cdn.jsdelivr.net/gh/ibrahimm7900/ids-catalogue-assets@bab7d90787a1c9d8bfe3f58ad50b376c48902e3f/IDS-T3-002__click-to-whatsapp-funnel.jpg","Ibrahim Digital Solutions","100",
"IDS-T3-003","Full WhatsApp Revenue System — The Complete Sales Engine for Your Business","The complete WhatsApp revenue infrastructure — every system connected, every gap closed, all managed by IDS. Includes: instant lead response and qualification in Arabic and English, appointment booking with no-show protection, abandoned lead reactivation sequences, monthly broadcast campaigns, Google review collection and ranking growth, upsell and cross-sell automation, CRM sync with full pipeline visibility, and Click-to-WhatsApp ad funnel management. From the moment a customer first messages you to the moment they become a repeat buyer — the entire journey is automated. IDS installs everything. You run your business.","in stock","new","7500.00 AED","https://whatsappreport.com","https://cdn.jsdelivr.net/gh/ibrahimm7900/ids-catalogue-assets@bab7d90787a1c9d8bfe3f58ad50b376c48902e3f/IDS-T3-003__full-whatsapp-system.jpg","Ibrahim Digital Solutions","100",
